,ite_heg,ite_bg
TTT,544814.0,687589.0
TTC,655524.0,512749.0
TTA,234253.0,345215.0
TTG,406803.0,295841.0
TCT,477158.0,459081.0
TCC,567853.0,342347.0
TCA,383463.0,414992.0
TCG,143585.0,355639.0
TAT,385678.0,504963.0
TAC,495846.0,376561.0
TAA,,
TAG,,
TGT,327792.0,418699.0
TGC,403140.0,312233.0
TGA,,
TGG,413535.0,749622.0
CTT,632996.0,559009.0
CTC,224870.0,677630.0
CTA,1295575.0,580714.0
CTG,558133.0,575017.0
CCT,645805.0,428803.0
CCC,538723.0,519794.0
CCA,226405.0,445452.0
CCG,340239.0,472034.0
CAT,483801.0,352006.0
CAC,382585.0,803248.0
CAA,1109029.0,688366.0
CAG,148414.0,312558.0
CGT,345088.0,233081.0
CGC,200253.0,282540.0
CGA,376554.0,242131.0
CGG,502403.0,532065.0
ATT,677714.0,396773.0
ATC,414756.0,497528.0
ATA,615448.0,371017.0
ATG,476341.0,449746.0
ACT,197169.0,385423.0
ACC,532711.0,657750.0
ACA,615538.0,490499.0
ACG,764918.0,969364.0
AAT,1035170.0,830724.0
AAC,384496.0,579225.0
AAA,626669.0,431940.0
AAG,373118.0,403343.0
AGT,375881.0,345656.0
AGC,349016.0,573163.0
AGA,470297.0,427420.0
AGG,223912.0,518118.0
GTT,919492.0,444016.0
GTC,595935.0,660594.0
GTA,912370.0,492619.0
GTG,510981.0,597152.0
GCT,242826.0,511746.0
GCC,702386.0,872554.0
GCA,820851.0,650683.0
GCG,922616.0,1192155.0
GAT,1291190.0,1021651.0
GAC,345134.0,621672.0
GAA,727678.0,463594.0
GAG,524128.0,561968.0
GGT,531888.0,481594.0
GGC,17361.0,23436.0
GGA,20594.0,27347.0
GGG,36263.0,23436.0
