,cai_ref
TTT,544814
TTC,655524
TTA,234253
TTG,406803
TCT,477158
TCC,567853
TCA,383463
TCG,143585
TAT,385678
TAC,495846
TAA,20594
TAG,17361
TGT,327792
TGC,403140
TGA,36263
TGG,417781
CTT,413535
CTC,632996
CTA,224870
CTG,1295575
CCT,558133
CCC,645805
CCA,538723
CCG,226405
CAT,340239
CAC,483801
CAA,382585
CAG,1109029
CGT,148414
CGC,345088
CGA,200253
CGG,376554
ATT,502403
ATC,677714
ATA,229688
ATG,710465
ACT,414756
ACC,615448
ACA,476341
ACG,197169
AAT,532711
AAC,615538
AAA,764918
AAG,1035170
AGT,384496
AGC,626669
AGA,373118
AGG,375881
GTT,349016
GTC,470297
GTA,223912
GTG,919492
GCT,595935
GCC,912370
GCA,510981
GCG,242826
GAT,702386
GAC,820851
GAA,922616
GAG,1291190
GGT,345134
GGC,727678
GGA,524128
GGG,531888
